{
    "web": {
        "client_id": "406055892745-lmbl0g3f0k4m3ihnnd74md1avltv00ge.apps.googleusercontent.com",
        "project_id": "rexpondai",
        "auth_uri": "https://accounts.google.com/o/oauth2/auth",
        "token_uri": "https://oauth2.googleapis.com/token",
        "auth_provider_x509_cert_url": "https://www.googleapis.com/oauth2/v1/certs",
        "client_secret": "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",
        "redirect_uris": [
            "http://127.0.0.1:8000/auth/google/callback"
        ]
    }
}